Feature,Mean_SHAP,Mean_Absolute_SHAP,Min_SHAP,Max_SHAP,Positive_SHAP_%,Negative_SHAP_%
pp_E.Cadherin,-1.7013391,3.0375488,-3.9688382,5.189144,21.27659574468085,78.72340425531915
rs_HPX,-0.149618,0.35298488,-0.765609,0.8414399,37.5886524822695,62.4113475177305
mu_CDH1,-0.15176415,0.33863613,-0.3725484,1.1427026,12.056737588652481,87.94326241134752
pp_AR,-0.2440981,0.32455257,-3.0270357,0.18081132,52.4822695035461,47.5177304964539
pp_c.Myc,-0.06683144,0.3167393,-0.35733724,0.8544313,26.95035460992908,73.04964539007092
rs_LOC100271831,-0.10214442,0.30640677,-0.4223957,0.7056944,21.98581560283688,78.01418439716312
rs_TMEM132C,-0.09598368,0.30316058,-1.1289307,0.760718,41.13475177304964,58.86524822695035
rs_PLCH1,-0.08587455,0.2980114,-0.55773056,0.4874023,40.42553191489361,59.57446808510638
rs_DLX2,-0.09929007,0.2629671,-0.6590103,0.27750853,61.702127659574465,38.297872340425535
rs_TMPRSS3,-0.08692329,0.24940777,-0.4668217,0.52191615,28.368794326241137,71.63120567375887
rs_SCGB1D2,-0.058348473,0.22265154,-0.50541544,1.2940953,24.822695035460992,75.177304964539
rs_MMP1,-0.046930935,0.20380594,-0.656604,0.4674848,34.04255319148936,65.95744680851064
rs_AGR2,-0.07027374,0.20084974,-0.62023234,0.3016376,35.46099290780142,64.53900709219859
rs_SYT13,-0.008739616,0.19284268,-0.30397955,0.29189318,48.93617021276596,51.06382978723404
rs_ADCY5,-0.029792279,0.18702748,-0.47882396,0.31521603,53.191489361702125,46.808510638297875
rs_DES,-0.08202332,0.18255828,-0.5266801,0.21007138,50.35460992907801,49.645390070921984
rs_FXYD1,-0.04721321,0.13613667,-0.3156494,0.25680122,39.00709219858156,60.99290780141844
rs_CLGN,-0.053860545,0.12746741,-0.44024834,0.2011781,41.13475177304964,58.86524822695035
pp_TFRC,-0.06395232,0.12109992,-0.51079,0.4070776,17.02127659574468,82.97872340425532
pp_p53,-0.048621602,0.113292925,-0.15791593,0.627405,9.929078014184398,90.0709219858156
