Feature,Mean_Absolute_SHAP
pp_E.Cadherin,3.0375495
rs_HPX,0.35298482
mu_CDH1,0.33863613
pp_AR,0.32455257
pp_c.Myc,0.3167393
rs_LOC100271831,0.3064068
rs_TMEM132C,0.3031606
rs_PLCH1,0.2980115
rs_DLX2,0.26296705
rs_TMPRSS3,0.24940783
rs_SCGB1D2,0.22265151
rs_MMP1,0.20380594
rs_AGR2,0.20084976
rs_SYT13,0.19284265
rs_ADCY5,0.18702751
rs_DES,0.18255825
rs_FXYD1,0.13613665
rs_CLGN,0.1274674
pp_TFRC,0.12109989
pp_p53,0.11329289
rs_CRISP3,0.11289033
rs_NBPF4,0.11213519
rs_LOC642587,0.105929375
rs_MRAP,0.10003929
pp_FoxM1,0.099803194
pp_beta.Catenin,0.09796227
rs_DPYSL5,0.09733257
rs_TFPI2,0.097074725
rs_BMPR1B,0.09604027
rs_CR2,0.089141585
rs_DIO1,0.08617635
rs_CST2,0.08615042
rs_FUT3,0.08192957
rs_GSTM1,0.07910579
rs_NEK10,0.07796493
rs_DSG1,0.07574218
rs_SPDEF,0.073931605
rs_CAPN8,0.073928915
rs_MARCO,0.07240525
rs_SLC6A4,0.07181298
rs_ALDH1L1,0.07158331
pp_NF.kB.p65.pS536,0.06933352
rs_TTYH1,0.0690116
pp_Cyclin.D1,0.06870642
rs_FREM2,0.06829611
pp_Beclin,0.06507124
rs_FOXI1,0.064672016
rs_SLC7A2,0.06458963
rs_NELL2,0.06363669
rs_C1orf64,0.06343178
rs_WNK4,0.06269463
rs_CITED1,0.061588883
pp_HER3,0.061320066
rs_CYP4Z1,0.061190255
rs_GABRB3,0.059753917
pp_Ku80,0.058455426
rs_POF1B,0.05620335
rs_ERBB4,0.055840444
rs_HMGCS2,0.054945994
rs_CNTNAP2,0.052634556
rs_ADAMTS15,0.04904138
pp_RBM15,0.04877642
rs_VIPR2,0.04781439
rs_FOSB,0.04700154
rs_CASP14,0.046590343
rs_PROL1,0.04553243
pp_STAT5.alpha,0.04546457
pp_ACC1,0.043983307
rs_COMP,0.04379296
rs_ARHGAP36,0.04229906
rs_ADAMDEC1,0.042010024
rs_DHRS2,0.039707072
rs_AK5,0.03890806
rs_DCX,0.037952583
pp_ARID1A,0.03769772
pp_Src,0.037437957
pp_eEF2,0.037350602
rs_DEGS2,0.03684979
rs_CIDEA,0.036667366
rs_CBLN2,0.036492117
pp_Cyclin.E1,0.036222138
rs_CXCL13,0.035836704
rs_RASAL1,0.035809938
cn_PALM3,0.035308525
rs_SCGB2A1,0.034958012
rs_ADH1C,0.034651894
rs_WFDC2,0.034410603
rs_PEG3,0.03417905
pp_p38.pT180.Y182,0.03404931
pp_Rad51,0.033664264
pp_cIAP,0.033597633
rs_GPX2,0.032832205
pp_A.Raf,0.03277897
rs_C16orf89,0.032609213
rs_C14orf180,0.0324025
pp_Bad.pS112,0.03232385
rs_ABCC13,0.032166325
rs_TRH,0.0321402
rs_NOVA1,0.031752374
rs_VSIG2,0.031603772
pp_eIF4G,0.031428378
rs_SLC26A3,0.030730467
pp_Fibronectin,0.030646246
rs_ROPN1B,0.03044263
rs_HBA1,0.0301934
rs_CA9,0.030035652
pp_X14.3.3.zeta,0.02938928
rs_PCK1,0.028986782
rs_CAPN9,0.028953187
rs_CADM3,0.028342176
rs_FAM3B,0.0282968
pp_GATA3,0.028196746
rs_C2orf82,0.028167509
pp_IRS1,0.027318625
rs_MAGEA1,0.02706956
rs_C1orf95,0.026766319
pp_PRDX1,0.026155148
rs_VWDE,0.026122918
rs_GABBR2,0.025890296
rs_IL33,0.025549987
pp_IGF1R.pY1135.Y1136,0.025322916
cn_MIA,0.02478609
rs_CRYM,0.024726607
rs_TSPAN1,0.024693409
rs_ABCC11,0.024636509
pp_Rab25,0.02448675
rs_RBM24,0.024042388
rs_CHI3L2,0.023486376
pp_Bim,0.022939466
rs_CHRM1,0.022704674
rs_PPP1R1B,0.022647377
rs_LOC728606,0.02264106
pp_Bcl.2,0.022525016
rs_CAPN6,0.022229016
rs_IRX1,0.021971598
rs_VGLL1,0.021686077
rs_CLIC6,0.021075958
rs_CHAD,0.020426683
pp_Rictor,0.020160476
rs_CALML5,0.019526733
pp_YB.1,0.018999167
pp_Notch1,0.018932791
rs_ROBO2,0.018827228
pp_Bcl.xL,0.018004857
cn_CNTN4,0.017971426
rs_TSIX,0.017964303
pp_Rab11,0.01785151
rs_TCN1,0.017555151
pp_TIGAR,0.017439026
rs_EDN3,0.017371206
pp_Caspase.3,0.017279064
rs_UGT2B15,0.017054448
pp_N.Ras,0.017007139
pp_SETD2,0.016966535
rs_SOX11,0.01689269
rs_SERPINA6,0.016881984
pp_p27,0.016763795
cn_TYRP1,0.016623948
pp_p70S6K,0.016248798
rs_PROM1,0.016047351
pp_Myosin.IIa.pS1943,0.015656129
rs_NLRP2,0.015390471
rs_C2orf54,0.014983287
rs_GPR26,0.014966666
pp_ERCC5,0.014691972
pp_TSC1,0.013890127
rs_SLITRK6,0.013666853
pp_Caspase.8,0.013606801
rs_MYBPC1,0.013468821
rs_SLC5A8,0.013149538
rs_TAT,0.013120665
pp_GCN5L2,0.012914536
rs_MUC6,0.012822225
rs_SHISA9,0.012589136
pp_ATM,0.012468528
pp_Tuberin,0.012120773
rs_PLA2G2D,0.0120971985
rs_CECR2,0.012071002
rs_EREG,0.011513977
pp_S6.pS235.S236,0.0114553105
rs_SERHL2,0.011420865
rs_LPPR3,0.011112708
pp_MSH2,0.011101619
rs_ANXA8,0.011074336
pp_Jak2,0.011002836
rs_MYT1,0.010771627
rs_C19orf21,0.010391462
rs_KCNJ3,0.010035675
rs_AGTR1,0.010013814
rs_KIF1A,0.00998085
rs_PRAME,0.009694156
rs_MMP12,0.009520087
pp_Axl,0.008867859
pp_X4E.BP1,0.0085883
rs_CLSTN2,0.008476679
rs_KRT5,0.008303586
rs_HS6ST3,0.008179268
pp_PREX1,0.00789197
rs_S100P,0.0077833943
rs_ANKRD30B,0.0076486203
rs_CPB1,0.0069042174
rs_SCARA5,0.0066922507
rs_ALOX15,0.0062051374
rs_TPSD1,0.006095985
rs_CLDN8,0.005866567
rs_GABRP,0.0057022483
rs_RPS28,0.0054126177
pp_MSH6,0.0053877244
cn_CRYAB,0.0048794956
pp_Bak,0.0047515817
rs_PI16,0.0044675334
rs_AGR3,0.0039333533
rs_PLA2G2A,0.0033870598
rs_TFAP2B,0.0022226437
rs_C20orf114,0.0021849968
rs_MUCL1,0.0018001216
cn_CDH19,0.0
cn_GZMM,0.0
cn_HCN2,0.0
cn_ZFR2,0.0
cn_ANKRD30B,0.0
cn_LAMA3,0.0
cn_AQP4,0.0
cn_AZU1,0.0
cn_FXYD1,0.0
cn_SLC7A10,0.0
cn_CFD,0.0
cn_CHST8,0.0
cn_GREB1L,0.0
cn_CBLN2,0.0
cn_HPN,0.0
cn_NETO1,0.0
cn_CELF5,0.0
cn_KISS1R,0.0
cn_LPPR3,0.0
cn_TDRD12,0.0
cn_SERPINB3,0.0
cn_FUT3,0.0
cn_LRG1,0.0
cn_MAPK4,0.0
cn_SLC39A6,0.0
cn_SLC14A2,0.0
cn_CYP4F3,0.0
cn_CYP4F8,0.0
cn_CYP4F22,0.0
cn_PGLYRP2,0.0
cn_SIGLEC15,0.0
cn_CASP14,0.0
cn_CCDC68,0.0
cn_SERPINB2,0.0
cn_SLC1A6,0.0
cn_MUC16,0.0
cn_ONECUT2,0.0
cn_MAST1,0.0
cn_GRP,0.0
cn_SERPINB7,0.0
cn_ICAM5,0.0
cn_SERPINB5,0.0
cn_FBN3,0.0
cn_CYP4F12,0.0
cn_B3GNT3,0.0
cn_P2RY11,0.0
cn_CHST9,0.0
cn_CPAMD8,0.0
cn_NWD1,0.0
cn_PLIN4,0.0
cn_CDH2,0.0
cn_DSC3,0.0
cn_DSC1,0.0
cn_PLIN5,0.0
cn_FUT6,0.0
cn_NOL4,0.0
cn_DSG1,0.0
cn_CAPS,0.0
cn_DSG3,0.0
cn_MAG,0.0
cn_CDH7,0.0
cn_CYP4F11,0.0
cn_UCA1,0.0
cn_FCER2,0.0
cn_PCP2,0.0
cn_KLK10,0.0
cn_FFAR2,0.0
cn_CECR2,0.0
cn_S100B,0.0
cn_UMODL1,0.0
cn_TMPRSS2,0.0
cn_FAM3B,0.0
cn_C21orf88,0.0
cn_B3GALT5,0.0
cn_NCAM2,0.0
cn_CHODL,0.0
cn_CXADR,0.0
cn_ABCC13,0.0
cn_MYT1,0.0
cn_SRMS,0.0
cn_EEF1A2,0.0
cn_COL9A3,0.0
cn_GATA5,0.0
cn_EDN3,0.0
cn_ZNF831,0.0
cn_APCDD1L,0.0
cn_C20orf85,0.0
cn_ZBP1,0.0
cn_PCK1,0.0
cn_BMP7,0.0
cn_CYP24A1,0.0
cn_BCAS1,0.0
cn_PTPRT,0.0
cn_CECR7,0.0
cn_CDC45,0.0
cn_DMKN,0.0
cn_PRODH,0.0
cn_PNPLA3,0.0
cn_SULT4A1,0.0
cn_MPPED1,0.0
cn_SCUBE1,0.0
cn_SERHL2,0.0
cn_SEPT3,0.0
cn_CACNA1I,0.0
cn_APOBEC3B,0.0
cn_SOX10,0.0
cn_LGALS2,0.0
cn_ELFN2,0.0
cn_TMPRSS6,0.0
cn_SLC5A1,0.0
cn_PLA2G3,0.0
cn_INPP5J,0.0
cn_SEC14L2,0.0
cn_NEFH,0.0
cn_SEZ6L,0.0
cn_MYO18B,0.0
cn_GSTT1,0.0
cn_MMP11,0.0
cn_VPREB3,0.0
cn_PRAME,0.0
cn_TBX1,0.0
cn_SLC7A4,0.0
cn_PCSK2,0.0
cn_FLRT3,0.0
cn_SNAP25,0.0
cn_PAK7,0.0
cn_FOXA3,0.0
cn_FOSB,0.0
cn_CBLC,0.0
cn_KCNN4,0.0
cn_ATP1A3,0.0
cn_CD79A,0.0
cn_CEACAM6,0.0
cn_CEACAM5,0.0
cn_CEACAM7,0.0
cn_CYP2B7P1,0.0
cn_CYP2A7,0.0
cn_CYP2A6,0.0
cn_CNTD2,0.0
cn_FCGBP,0.0
cn_DLL3,0.0
cn_NCCRP1,0.0
cn_LGALS7B,0.0
cn_LGALS7,0.0
cn_RYR1,0.0
cn_C19orf33,0.0
cn_PPP1R14A,0.0
cn_APLP1,0.0
cn_HSPB6,0.0
cn_UPK1A,0.0
cn_SBSN,0.0
cn_KCNC3,0.0
cn_SPIB,0.0
cn_KLK6,0.0
cn_NLRP5,0.0
cn_FERMT1,0.0
cn_CHGB,0.0
cn_PRND,0.0
cn_SPEF1,0.0
cn_ADAM33,0.0
cn_TGM3,0.0
cn_SIRPG,0.0
cn_RSPO4,0.0
cn_DEFB132,0.0
cn_ZSCAN1,0.0
cn_PEG3,0.0
cn_COX6B2,0.0
cn_KLK7,0.0
cn_SYT5,0.0
cn_TNNI3,0.0
cn_TNNT1,0.0
cn_NLRP2,0.0
cn_NLRP7,0.0
cn_HAS1,0.0
cn_KLK14,0.0
cn_KLK13,0.0
cn_KLK12,0.0
cn_KLK11,0.0
cn_KLK8,0.0
cn_CXADRP3,0.0
rs_CLEC3A,0.0
cn_CIDEA,0.0
cn_PRSS21,0.0
cn_RAB26,0.0
cn_NPW,0.0
cn_IGFALS,0.0
cn_BAIAP3,0.0
cn_TPSG1,0.0
cn_TPSD1,0.0
cn_TPSB2,0.0
cn_TPSAB1,0.0
cn_CACNA1H,0.0
cn_SOX8,0.0
cn_MSLN,0.0
cn_GNG13,0.0
cn_HAGHL,0.0
cn_CCDC78,0.0
cn_METRN,0.0
cn_FBXL16,0.0
cn_RGS11,0.0
cn_HBA2,0.0
cn_HBA1,0.0
cn_ARHGDIG,0.0
cn_SYNM,0.0
cn_RGMA,0.0
cn_ST8SIA2,0.0
cn_ANPEP,0.0
cn_MESP1,0.0
cn_PRSS33,0.0
cn_ZG16B,0.0
cn_RHCG,0.0
cn_KREMEN2,0.0
cn_FAM57B,0.0
cn_DOC2A,0.0
cn_ASPHD1,0.0
cn_CD19,0.0
cn_HS3ST4,0.0
cn_SCNN1B,0.0
cn_SCNN1G,0.0
cn_CRYM,0.0
cn_DNAH3,0.0
cn_ACSM1,0.0
cn_ACSM5,0.0
cn_GP2,0.0
cn_TMC5,0.0
cn_SYT17,0.0
cn_PLA2G10,0.0
cn_MYH11,0.0
cn_MPV17L,0.0
cn_ABCC6,0.0
cn_SHISA9,0.0
cn_TNFRSF17,0.0
cn_GRIN2A,0.0
cn_ABAT,0.0
cn_C16orf89,0.0
cn_CLDN6,0.0
cn_PKMYT1,0.0
cn_PLIN1,0.0
cn_ACAN,0.0
cn_LAMA1,0.0
cn_PRIMA1,0.0
cn_SSTR1,0.0
cn_FOXA1,0.0
cn_PAX9,0.0
cn_COCH,0.0
cn_NOVA1,0.0
cn_DHRS2,0.0
cn_F7,0.0
cn_FAM155A,0.0
cn_ZIC2,0.0
cn_ZIC5,0.0
cn_SLC15A1,0.0
cn_OXGR1,0.0
cn_HS6ST3,0.0
cn_CLDN10,0.0
cn_SLITRK5,0.0
cn_SLITRK6,0.0
cn_SLITRK1,0.0
cn_POU4F1,0.0
cn_SLAIN1,0.0
cn_SCEL,0.0
cn_DACH1,0.0
cn_KLHL1,0.0
cn_PCDH9,0.0
cn_PCDH20,0.0
cn_FREM2,0.0
cn_ABHD12B,0.0
cn_IFI27,0.0
cn_NTRK3,0.0
cn_PPP4R4,0.0
cn_BNC1,0.0
cn_AP3B2,0.0
cn_TMC3,0.0
cn_KIAA1199,0.0
cn_RASGRF1,0.0
cn_CRABP1,0.0
cn_C15orf59,0.0
cn_GRAMD2,0.0
cn_THSD4,0.0
cn_KIAA0125,0.0
cn_ADAM6,0.0
cn_CRIP1,0.0
cn_PLD4,0.0
cn_C14orf180,0.0
cn_TDRD9,0.0
cn_DIO3,0.0
cn_DLK1,0.0
cn_DEGS2,0.0
cn_TCL1A,0.0
cn_TCL1B,0.0
cn_SERPINA3,0.0
cn_SERPINA5,0.0
cn_SERPINA11,0.0
cn_SERPINA1,0.0
cn_SERPINA6,0.0
cn_SEZ6L2,0.0
cn_PYDC1,0.0
cn_ABCC12,0.0
cn_PPM1E,0.0
cn_TMEM100,0.0
cn_HLF,0.0
cn_CHAD,0.0
cn_DLX3,0.0
cn_NGFR,0.0
cn_B4GALNT2,0.0
cn_HOXB13,0.0
cn_HOXB6,0.0
cn_HOXB5,0.0
cn_HOXB2,0.0
cn_MAPT,0.0
cn_CRHR1,0.0
cn_KIF18B,0.0
cn_GFAP,0.0
cn_RUNDC3A,0.0
cn_PYY,0.0
cn_CD300LG,0.0
cn_MEOX1,0.0
cn_ETV4,0.0
cn_RND2,0.0
cn_WNK4,0.0
cn_HAP1,0.0
cn_KRT17,0.0
cn_KRT16,0.0
cn_KRT14,0.0
cn_TEX14,0.0
cn_PRR11,0.0
cn_ABCC11,0.0
cn_CA4,0.0
cn_DLGAP1,0.0
cn_MYOM1,0.0
cn_ADCYAP1,0.0
cn_CLUL1,0.0
cn_NOTUM,0.0
cn_NPTX1,0.0
cn_CBX2,0.0
cn_BIRC5,0.0
cn_MGAT5B,0.0
cn_ST6GALNAC1,0.0
cn_FOXJ1,0.0
cn_KIF19,0.0
cn_SDK2,0.0
cn_SSTR2,0.0
cn_KCNJ16,0.0
cn_ABCA10,0.0
cn_ABCA6,0.0
cn_ABCA9,0.0
cn_ABCA8,0.0
cn_SLC16A6,0.0
cn_CACNG1,0.0
cn_CACNG4,0.0
cn_RGS9,0.0
cn_SCN4A,0.0
cn_TCAM1P,0.0
cn_KRT15,0.0
cn_KRT13,0.0
cn_KRT31,0.0
cn_KRT23,0.0
cn_SDR42E1,0.0
cn_PKD1L2,0.0
cn_CLEC3A,0.0
cn_ADAMTS18,0.0
cn_SYCE1L,0.0
cn_HP,0.0
cn_TAT,0.0
cn_CHST4,0.0
cn_CALB2,0.0
cn_IL34,0.0
cn_HAS3,0.0
cn_CDH1,0.0
cn_CDH3,0.0
cn_RLTPR,0.0
cn_CES3,0.0
cn_RRAD,0.0
cn_CCL17,0.0
cn_MT1G,0.0
cn_MT1A,0.0
cn_MT1M,0.0
cn_CES1,0.0
cn_SLC6A2,0.0
cn_IRX6,0.0
cn_TOX3,0.0
cn_CBLN1,0.0
cn_HSD17B2,0.0
cn_CPNE7,0.0
cn_DPEP1,0.0
cn_CCL14,0.0
cn_CCR7,0.0
cn_TNS4,0.0
cn_TOP2A,0.0
cn_IKZF3,0.0
cn_PNMT,0.0
cn_PPP1R1B,0.0
cn_STAC2,0.0
cn_UPK3A,0.0
cn_TBC1D3G,0.0
cn_TBC1D3C,0.0
cn_CCL18,0.0
cn_GAS2L2,0.0
cn_TUBB3,0.0
cn_CCL8,0.0
cn_CCL7,0.0
cn_CCL13,0.0
cn_CCL11,0.0
cn_RHBDL3,0.0
cn_SLC6A4,0.0
cn_CORO6,0.0
cn_SLC13A2,0.0
cn_ALDH3A1,0.0
cn_MFAP4,0.0
cn_CCDC144B,0.0
cn_PHF21B,0.0
mu_ADAMTSL1,0.0
cn_SMC1B,0.0
cn_WNT7B,0.0
pp_CD31,0.0
pp_CD26,0.0
pp_CD20,0.0
pp_C.Raf.pS338,0.0
pp_C.Raf,0.0
pp_Bid,0.0
pp_Bcl2A1,0.0
pp_Bax,0.0
pp_Bap1.c.4,0.0
pp_BRD4,0.0
pp_BRCA2,0.0
pp_B.Raf.pS445,0.0
pp_B.Raf,0.0
pp_Annexin.VII,0.0
pp_Annexin.1,0.0
pp_Akt.pT308,0.0
pp_Akt.pS473,0.0
pp_Akt,0.0
pp_Acetyl.a.Tubulin.Lys40,0.0
pp_ASNS,0.0
pp_AMPK.pT172,0.0
pp_AMPK.alpha,0.0
pp_ADAR1,0.0
pp_CD49b,0.0
pp_CDK1,0.0
pp_CDK1.pY15,0.0
pp_DIRAS3,0.0
pp_ER.alpha.pS118,0.0
pp_ER.alpha,0.0
pp_EPPK1,0.0
pp_ENY2,0.0
pp_EGFR.pY1173,0.0
pp_EGFR.pY1068,0.0
pp_EGFR,0.0
pp_Dvl3,0.0
pp_DUSP4,0.0
pp_DJ.1,0.0
pp_Cyclin.E2,0.0
pp_COG3,0.0
pp_Cyclin.B1,0.0
pp_Collagen.VI,0.0
pp_Claudin.7,0.0
pp_Chk2.pT68,0.0
pp_Chk2,0.0
pp_Chk1.pS345,0.0
pp_Chk1.pS296,0.0
pp_Chk1,0.0
pp_Caveolin.1,0.0
pp_Caspase.7.cleavedD198,0.0
pp_ACVRL1,0.0
pp_ACC.pS79,0.0
pp_A.Raf.pS299,0.0
mu_C9orf174,0.0
mu_PCDH19,0.0
mu_FLG2,0.0
mu_BAZ2B,0.0
mu_USP34,0.0
mu_CSMD3,0.0
mu_HERC1,0.0
mu_DCHS2,0.0
mu_LRP1B,0.0
mu_FRMPD4,0.0
mu_F5,0.0
mu_ABCA12,0.0
mu_PAPPA2,0.0
mu_CENPE,0.0
mu_ERBB3,0.0
mu_AKD1,0.0
mu_F8,0.0
mu_TBX3,0.0
mu_ITPR2,0.0
mu_ALMS1,0.0
mu_HMCN1,0.0
mu_ASXL2,0.0
mu_ASH1L,0.0
mu_VPS13A,0.0
mu_PDZD2,0.0
pp_X53BP1,0.0
mu_ATRX,0.0
pp_X4E.BP1.pT70,0.0
pp_X4E.BP1.pT37.T46,0.0
pp_X4E.BP1.pS65,0.0
pp_X14.3.3.epsilon,0.0
pp_X14.3.3.beta,0.0
mu_PEG3,0.0
mu_MYH7,0.0
mu_DNAH9,0.0
mu_MAP1A,0.0
mu_PKHD1L1,0.0
mu_SCN10A,0.0
mu_BCORL1,0.0
mu_PIWIL1,0.0
mu_DNAH11,0.0
mu_FBN1,0.0
mu_DOCK11,0.0
mu_MYCBP2,0.0
mu_SACS,0.0
mu_SPHKAP,0.0
mu_GON4L,0.0
mu_PRUNE2,0.0
mu_APC,0.0
pp_ERCC1,0.0
pp_ERK2,0.0
pp_ETS.1,0.0
pp_STAT3.pY705,0.0
pp_Syk,0.0
pp_Stathmin,0.0
pp_Src.pY527,0.0
pp_Src.pY416,0.0
pp_Snail,0.0
pp_Smad4,0.0
pp_Smad3,0.0
pp_Smad1,0.0
pp_Smac,0.0
pp_Shc.pY317,0.0
pp_SLC1A5,0.0
pp_Transglutaminase,0.0
pp_SHP.2.pY542,0.0
pp_SF2,0.0
pp_SCD,0.0
pp_S6.pS240.S244,0.0
pp_S6,0.0
pp_Rictor.pT1135,0.0
pp_Rb.pS807.S811,0.0
pp_Rb,0.0
pp_Raptor,0.0
pp_Rad50,0.0
pp_TAZ,0.0
pp_Tuberin.pT1462,0.0
pp_PTEN,0.0
pp_eIF4E,0.0
pp_p90RSK,0.0
pp_p70S6K.pT389,0.0
pp_p62.LCK.ligand,0.0
pp_p38.MAPK,0.0
pp_p27.pT198,0.0
pp_p27.pT157,0.0
pp_p21,0.0
pp_p16.INK4a,0.0
pp_mTOR.pS2448,0.0
pp_mTOR,0.0
pp_eEF2K,0.0
pp_VEGFR2,0.0
pp_c.Met.pY1235,0.0
pp_c.Met,0.0
pp_c.Kit,0.0
pp_c.Jun.pS73,0.0
pp_c.Abl,0.0
pp_YB.1.pS102,0.0
pp_YAP.pS127,0.0
pp_YAP,0.0
pp_XRCC1,0.0
pp_XBP1,0.0
pp_Paxillin,0.0
pp_PRAS40.pT246,0.0
pp_FASN,0.0
pp_HER3.pY1289,0.0
pp_Lck,0.0
pp_LKB1,0.0
pp_JNK.pT183.pY185,0.0
pp_JNK2,0.0
pp_JAB1,0.0
pp_IRF.1,0.0
pp_INPP4B,0.0
pp_IGFBP2,0.0
pp_Heregulin,0.0
pp_HSP70,0.0
pp_HER2.pY1248,0.0
pp_MEK1,0.0
pp_HER2,0.0
pp_GSK3.pS9,0.0
pp_GSK3.alpha.beta.pS21.S9,0.0
pp_GSK3.alpha.beta,0.0
pp_GATA6,0.0
pp_GAPDH,0.0
pp_GAB2,0.0
pp_G6PD,0.0
pp_FOXO3a.pS318.S321,0.0
pp_FOXO3a,0.0
pp_MAPK.pT202.Y204,0.0
pp_MEK1.pS217.S221,0.0
pp_PR,0.0
pp_PDCD4,0.0
pp_PKC.pan.BetaII.pS660,0.0
pp_PKC.delta.pS664,0.0
pp_PKC.alpha.pS657,0.0
pp_PKC.alpha,0.0
pp_PI3K.p85,0.0
pp_PI3K.p110.alpha,0.0
pp_PEA15.pS116,0.0
pp_PEA15,0.0
pp_PDK1.pS241,0.0
pp_PDK1,0.0
pp_PCNA,0.0
pp_MIG.6,0.0
pp_PARP.cleaved,0.0
pp_PARP1,0.0
pp_PAI.1,0.0
pp_P.Cadherin,0.0
pp_NF2,0.0
pp_NDRG1.pT346,0.0
pp_N.Cadherin,0.0
pp_Myosin.IIa,0.0
pp_Mre11,0.0
pp_MYH11,0.0
mu_TNXB,0.0
mu_MAP2K4,0.0
mu_SYNE2,0.0
mu_KIF26B,0.0
mu_CROCCP2,0.0
mu_ANK1,0.0
mu_SVEP1,0.0
mu_HRNR,0.0
mu_DSPP,0.0
mu_DNAH17,0.0
mu_CROCC,0.0
mu_ASPM,0.0
mu_ARID1A,0.0
mu_NCOR1,0.0
mu_DNAH5,0.0
mu_LAMA1,0.0
mu_DNAH12,0.0
mu_AKAP9,0.0
mu_ZAN,0.0
mu_ODZ4,0.0
mu_MUC20,0.0
mu_OBSCN,0.0
mu_MUC4,0.0
mu_FAT3,0.0
mu_SPEN,0.0
mu_ZFHX3,0.0
mu_MTOR,0.0
mu_MST1P9,0.0
mu_TEX15,0.0
mu_MEGF8,0.0
mu_FAT4,0.0
mu_CHD4,0.0
mu_ATP10B,0.0
mu_HEATR7B2,0.0
mu_MXRA5,0.0
mu_ABCB1,0.0
mu_TP53BP1,0.0
mu_MDN1,0.0
mu_LYST,0.0
mu_DST,0.0
mu_FBN3,0.0
mu_PCNT,0.0
mu_CACNA1D,0.0
cn_FLT3,0.0
mu_PCLO,0.0
mu_NF1,0.0
mu_TNRC6B,0.0
mu_OTOGL,0.0
mu_DYNC2H1,0.0
mu_DNAH6,0.0
mu_TTN,0.0
mu_SCN2A,0.0
mu_TP53,0.0
mu_TCHH,0.0
mu_MUC17,0.0
mu_ZFHX4,0.0
mu_MED12,0.0
mu_MAP3K1,0.0
mu_FAT2,0.0
mu_DSCAM,0.0
mu_CSMD2,0.0
mu_PTPRD,0.0
mu_PLXNA4,0.0
mu_MUC5B,0.0
mu_MLL3,0.0
mu_LAMA2,0.0
mu_MUC16,0.0
mu_AHCTF1,0.0
mu_MGA,0.0
mu_SYNE1,0.0
mu_LRP2,0.0
mu_LRBA,0.0
mu_HECTD4,0.0
mu_GATA3,0.0
mu_ANK3,0.0
cn_MLC1,0.0
cn_MAPK8IP2,0.0
cn_KLHDC7B,0.0
mu_RNA5-8SP6,0.0
mu_APOBR,0.0
mu_TAF1L,0.0
mu_AHNAK,0.0
mu_RB1,0.0
mu_QSER1,0.0
mu_PIK3CA,0.0
mu_KAT6B,0.0
mu_IGSF10,0.0
mu_HERC2,0.0
mu_DNAH7,0.0
mu_DNAH1,0.0
mu_CEP350,0.0
mu_CDH23,0.0
mu_USH2A,0.0
mu_COL14A1,0.0
mu_RYR2,0.0
mu_PLCE1,0.0
mu_MUC12,0.0
mu_HYDIN,0.0
mu_GOLGA6L2,0.0
mu_DNAH8,0.0
mu_DMD,0.0
mu_CUBN,0.0
mu_CSMD1,0.0
mu_COL7A1,0.0
mu_FREM1,0.0
mu_TG,0.0
mu_DNAH10,0.0
mu_SI,0.0
mu_AHNAK2,0.0
mu_ODZ1,0.0
mu_COL6A3,0.0
mu_KIAA1210,0.0
mu_UBR5,0.0
mu_SMG1,0.0
mu_PREX2,0.0
mu_CSPP1,0.0
mu_CACNA1C,0.0
mu_PTPRB,0.0
mu_PRKDC,0.0
mu_ASTN1,0.0
mu_PCNXL2,0.0
mu_MLL,0.0
mu_KIF4A,0.0
mu_GRID1,0.0
mu_CHD5,0.0
mu_ANKRD12,0.0
mu_CACNA1E,0.0
mu_FCGBP,0.0
mu_FOXA1,0.0
mu_HUWE1,0.0
mu_AKAP13,0.0
mu_CACNA1F,0.0
mu_RYR3,0.0
mu_RYR1,0.0
mu_MAP2,0.0
mu_VPS13B,0.0
mu_UTRN,0.0
mu_ATM,0.0
mu_WDFY3,0.0
mu_VCAN,0.0
mu_SETD2,0.0
mu_ERBB2,0.0
mu_STARD9,0.0
mu_SDK1,0.0
mu_MYO18B,0.0
mu_CHD6,0.0
mu_MYH1,0.0
mu_LRP1,0.0
mu_KIAA1109,0.0
mu_KIAA0947,0.0
mu_GRIN2A,0.0
mu_FLNA,0.0
mu_DYNC1H1,0.0
mu_DNAH2,0.0
mu_CNTNAP2,0.0
mu_CHD8,0.0
mu_FRG1B,0.0
mu_PKD1L1,0.0
mu_TLN1,0.0
mu_CTCF,0.0
mu_VPS13D,0.0
mu_PTEN,0.0
mu_PKHD1,0.0
mu_GPR98,0.0
mu_UBR4,0.0
mu_FMN2,0.0
mu_FLG,0.0
mu_CNTRL,0.0
mu_APOB,0.0
mu_MACF1,0.0
mu_COL6A5,0.0
mu_MYH11,0.0
mu_AFF2,0.0
mu_MYH9,0.0
mu_PDE4DIP,0.0
mu_MLL2,0.0
mu_FLNC,0.0
mu_SPTA1,0.0
mu_RNF213,0.0
mu_NEB,0.0
mu_MGAM,0.0
mu_DNAH3,0.0
mu_ANK2,0.0
mu_FAM157B,0.0
mu_EYS,0.0
mu_RELN,0.0
mu_ABCA13,0.0
mu_THSD7B,0.0
mu_CACNA1A,0.0
mu_PDE3A,0.0
mu_CBFB,0.0
mu_ANKRD30BL,0.0
mu_XIRP2,0.0
mu_DNHD1,0.0
mu_NOTCH2,0.0
mu_RPGR,0.0
mu_FRAS1,0.0
mu_SRCAP,0.0
mu_TPR,0.0
mu_FAT1,0.0
mu_BIRC6,0.0
mu_WDR52,0.0
mu_TBP,0.0
mu_RUNX1,0.0
mu_RP1,0.0
mu_HSPG2,0.0
mu_BRWD1,0.0
mu_CMYA5,0.0
cn_DCLK1,0.0
cn_SLC1A2,0.0
cn_GPR12,0.0
rs_SYNPO2L,0.0
rs_PRG4,0.0
rs_SPAG17,0.0
rs_PP14571,0.0
rs_SLC27A6,0.0
rs_IYD,0.0
rs_TP63,0.0
rs_AR,0.0
rs_SOX2,0.0
rs_DEFB1,0.0
rs_PRODH,0.0
rs_GLYAT,0.0
rs_PTCHD1,0.0
rs_UGT8,0.0
rs_MAPK4,0.0
rs_FAM83E,0.0
rs_PRSS21,0.0
rs_CARTPT,0.0
rs_S100B,0.0
rs_LGR6,0.0
rs_ACTG2,0.0
rs_KRT6C,0.0
rs_C6,0.0
rs_TPSG1,0.0
rs_F7,0.0
rs_MMP7,0.0
rs_NEURL,0.0
rs_CCNO,0.0
rs_CD36,0.0
rs_BCL11A,0.0
rs_PCDHA11,0.0
rs_SMOC1,0.0
rs_RELN,0.0
rs_MMP10,0.0
rs_GLYATL1,0.0
rs_S100A2,0.0
rs_NKX2-2,0.0
rs_TBC1D3G,0.0
rs_CD177,0.0
rs_CYP4F11,0.0
rs_CHST9,0.0
rs_AFF3,0.0
rs_CXADRP3,0.0
rs_RERGL,0.0
rs_FAM3D,0.0
rs_HP,0.0
rs_CHGB,0.0
rs_TUBA3E,0.0
rs_ZFP57,0.0
rs_TLX1,0.0
rs_TMEM213,0.0
rs_APOD,0.0
rs_MS4A8B,0.0
rs_TDRD1,0.0
rs_FAT2,0.0
rs_IGDCC3,0.0
rs_MS4A1,0.0
rs_PPP1R14C,0.0
rs_UGT2B28,0.0
rs_PCSK1N,0.0
rs_DCDC2,0.0
rs_NPY5R,0.0
rs_ART3,0.0
rs_ZBTB16,0.0
rs_C2CD4A,0.0
rs_FGG,0.0
rs_GRB14,0.0
rs_PAX7,0.0
rs_CNTFR,0.0
rs_RGS22,0.0
rs_KRT23,0.0
rs_TMPRSS6,0.0
rs_NCCRP1,0.0
rs_CYP4X1,0.0
rs_PNMT,0.0
rs_FAM196A,0.0
rs_GLDC,0.0
rs_FAM5B,0.0
rs_KIAA0408,0.0
rs_FLJ45983,0.0
rs_HSD17B2,0.0
rs_ONECUT2,0.0
rs_GJB1,0.0
rs_HRASLS5,0.0
rs_LRG1,0.0
rs_FIGF,0.0
rs_GRM4,0.0
rs_CYP2A7,0.0
rs_GRIA4,0.0
rs_DKK1,0.0
rs_PSCA,0.0
rs_IGJ,0.0
rs_AKR1B10,0.0
rs_TPRG1,0.0
rs_GRIK3,0.0
rs_AREG,0.0
rs_NDP,0.0
rs_C1orf173,0.0
rs_AFP,0.0
rs_ATRNL1,0.0
rs_CACNG4,0.0
rs_C3orf57,0.0
rs_OGN,0.0
rs_ZIC2,0.0
rs_KRT4,0.0
rs_C19orf33,0.0
rs_AKR7A3,0.0
rs_ATP13A4,0.0
rs_TRPV6,0.0
rs_RET,0.0
rs_ANKRD43,0.0
rs_WT1,0.0
rs_PAX2,0.0
rs_TNMD,0.0
rs_FLT3,0.0
rs_RNF183,0.0
rs_NTRK3,0.0
rs_ADAMTS19,0.0
rs_RIMS2,0.0
rs_ADH1A,0.0
rs_CD19,0.0
rs_LOC440905,0.0
rs_B3GNT3,0.0
rs_TNNT3,0.0
rs_TNNI3,0.0
rs_IBSP,0.0
rs_SEZ6L,0.0
rs_MMRN1,0.0
rs_FERMT1,0.0
rs_LY6K,0.0
rs_SPINK8,0.0
rs_CTNND2,0.0
rs_PCDH10,0.0
rs_CCL14,0.0
rs_CALB2,0.0
rs_MUC2,0.0
rs_SLC15A1,0.0
rs_GPR12,0.0
rs_COL4A6,0.0
rs_KCNF1,0.0
rs_HBB,0.0
rs_MYH11,0.0
rs_ACE2,0.0
rs_MAGEA4,0.0
rs_AQP7P1,0.0
rs_PPAPDC1A,0.0
rs_LOC84740,0.0
rs_CRYAB,0.0
rs_C8orf85,0.0
rs_CCL28,0.0
rs_KCNIP2,0.0
rs_CDSN,0.0
rs_FMO2,0.0
rs_FIBCD1,0.0
rs_CXCL2,0.0
rs_VIT,0.0
rs_TMEM45B,0.0
rs_HEPACAM,0.0
rs_DACH1,0.0
rs_CXCR2P1,0.0
rs_GPM6A,0.0
rs_HIF3A,0.0
rs_PCDHA10,0.0
rs_AKR1B15,0.0
rs_CES1,0.0
rs_KCNJ16,0.0
rs_MAOB,0.0
rs_C4BPA,0.0
rs_FUT6,0.0
rs_DBC1,0.0
rs_HOXC10,0.0
rs_PART1,0.0
rs_LOC389033,0.0
rs_PCDHA12,0.0
rs_SCNN1G,0.0
rs_CA3,0.0
rs_IRX4,0.0
rs_TOX3,0.0
rs_TTC36,0.0
rs_SCRG1,0.0
rs_ABCC12,0.0
rs_LOC283392,0.0
rs_AKR1C1,0.0
rs_SBSN,0.0
rs_MYEOV,0.0
rs_SHISA2,0.0
rs_FAM83A,0.0
rs_ZNF385B,0.0
rs_MKRN3,0.0
rs_SLC6A15,0.0
rs_NTNG1,0.0
rs_SLC7A10,0.0
rs_CCL18,0.0
rs_SLC6A11,0.0
rs_ACADL,0.0
rs_CXCL14,0.0
rs_MKX,0.0
rs_ACTA1,0.0
rs_ANGPTL7,0.0
rs_MYOC,0.0
rs_PLA2G3,0.0
rs_CSN3,0.0
rs_GPRIN2,0.0
rs_EMX1,0.0
rs_NMU,0.0
rs_HAPLN1,0.0
rs_CAPN13,0.0
rs_ANO3,0.0
rs_PLP1,0.0
rs_S100A1,0.0
rs_OSR1,0.0
rs_SCGN,0.0
rs_RHCG,0.0
rs_DOK7,0.0
rs_PITX1,0.0
rs_KCNG1,0.0
rs_NTS,0.0
rs_MMP11,0.0
rs_FGF10,0.0
rs_CLDN19,0.0
rs_FGFBP1,0.0
rs_TIMP4,0.0
rs_HS3ST4,0.0
rs_LBP,0.0
rs_SFRP1,0.0
rs_MUC15,0.0
rs_NXPH1,0.0
rs_PTPRT,0.0
rs_SLC6A14,0.0
rs_COL17A1,0.0
rs_A2ML1,0.0
rs_MSLN,0.0
rs_KLK10,0.0
rs_KRT16,0.0
rs_BPIL1,0.0
rs_SERPINA11,0.0
rs_PPP2R2C,0.0
rs_EEF1A2,0.0
rs_KRT81,0.0
rs_KLK7,0.0
rs_KLK6,0.0
rs_WIF1,0.0
rs_AQP5,0.0
rs_ALB,0.0
rs_KRT6A,0.0
rs_MUC16,0.0
rs_KCNC2,0.0
rs_CP,0.0
rs_CALML3,0.0
rs_C7,0.0
rs_GPD1,0.0
rs_IGSF1,0.0
rs_ROPN1,0.0
rs_CD300LG,0.0
rs_SERPINB5,0.0
rs_MIA,0.0
rs_COL11A1,0.0
rs_MMP13,0.0
rs_DSC3,0.0
rs_DCD,0.0
rs_FOLR1,0.0
rs_GRPR,0.0
rs_MAGEA6,0.0
rs_DLK1,0.0
rs_PLIN4,0.0
rs_SYT9,0.0
rs_PDZK1,0.0
rs_CDC20B,0.0
rs_ESR1,0.0
rs_LRRC31,0.0
rs_C10orf82,0.0
rs_SCGB3A1,0.0
rs_ORM1,0.0
rs_KLHDC7A,0.0
rs_CYP4Z2P,0.0
rs_BEX1,0.0
rs_PLIN1,0.0
rs_CGA,0.0
rs_SLC28A3,0.0
rs_SLC30A8,0.0
rs_FABP4,0.0
rs_CRABP1,0.0
rs_FABP7,0.0
rs_LEP,0.0
rs_GSTT1,0.0
rs_GP2,0.0
rs_CEACAM5,0.0
rs_TUSC5,0.0
rs_COL2A1,0.0
rs_VSTM2A,0.0
rs_STAC2,0.0
rs_SOX10,0.0
rs_KLK11,0.0
rs_UGT2B11,0.0
rs_KRT14,0.0
rs_C4orf7,0.0
rs_ANKRD30A,0.0
rs_CYP2B7P1,0.0
rs_S100A7,0.0
rs_ADH1B,0.0
rs_ADIPOQ,0.0
rs_PIP,0.0
rs_TFF1,0.0
rs_SCGB2A2,0.0
rs_KRT6B,0.0
rs_CST9,0.0
rs_PGR,0.0
rs_KRT17,0.0
rs_CYP2A6,0.0
rs_GFRA1,0.0
rs_ELF5,0.0
rs_FAM5C,0.0
rs_PVALB,0.0
rs_LRP2,0.0
rs_TNNT1,0.0
rs_CYP4F8,0.0
rs_OBP2B,0.0
rs_DSG3,0.0
rs_NPY1R,0.0
rs_GRIA2,0.0
rs_CST1,0.0
rs_CLCA2,0.0
rs_SLC34A2,0.0
rs_CEACAM6,0.0
rs_MUC5B,0.0
rs_TFF3,0.0
rs_LTF,0.0
rs_HOXB13,0.0
rs_OLFM4,0.0
rs_KLK5,0.0
rs_CIDEC,0.0
rs_PIGR,0.0
rs_PYDC1,0.0
rs_CXCL17,0.0
rs_AQP7,0.0
rs_PI15,0.0
rs_KNDC1,0.0
rs_SYTL5,0.0
rs_SMYD1,0.0
rs_LGALS12,0.0
rs_ELOVL2,0.0
rs_TRPA1,0.0
rs_ALOX15B,0.0
rs_ATP6V0A4,0.0
rs_SPDYC,0.0
rs_AKR1C2,0.0
rs_WDR72,0.0
rs_PPP1R1A,0.0
rs_HGD,0.0
rs_THRSP,0.0
rs_FOXJ1,0.0
rs_COL10A1,0.0
rs_SLC9A2,0.0
rs_ABCA8,0.0
rs_TMC5,0.0
rs_ACTL8,0.0
rs_DARC,0.0
rs_C2orf40,0.0
rs_NCRNA00052,0.0
rs_PCOLCE2,0.0
rs_CHIT1,0.0
rs_CHST8,0.0
rs_ABCA12,0.0
rs_ATP1A2,0.0
rs_EPYC,0.0
rs_PPP4R4,0.0
rs_CCL19,0.0
rs_KRT13,0.0
rs_CA4,0.0
rs_NAT1,0.0
rs_FOXA1,0.0
rs_TUBA3D,0.0
rs_CYP4B1,0.0
rs_PIK3C2G,0.0
rs_FSIP1,0.0
rs_ANXA8L2,0.0
rs_VTCN1,0.0
rs_HEPACAM2,0.0
rs_SLPI,0.0
rs_HORMAD1,0.0
rs_HOXC11,0.0
rs_BCAS1,0.0
rs_GPR98,0.0
rs_SYT1,0.0
rs_NPY2R,0.0
rs_PKP1,0.0
rs_HOTAIR,0.0
rs_INSM1,0.0
rs_CST4,0.0
rs_ZIC1,0.0
rs_CHRDL1,0.0
rs_SORCS1,0.0
rs_CYP4F22,0.0
rs_KRT15,0.0
rs_S100A7A,0.0
rs_LY6D,0.0
rs_TF,0.0
rs_GSTA1,0.0
rs_SDR16C5,0.0
rs_RBP4,0.0
rs_SLC44A4,0.0
rs_SAA1,0.0
rs_NKAIN1,0.0
rs_PPAN-P2RY11,0.0
rs_SERPINA5,0.0
rs_ABCC8,0.0
rs_MS4A15,0.0
rs_PEG10,0.0
rs_CST5,0.0
rs_PTPRZ1,0.0
rs_ATP13A5,0.0
rs_SLC5A1,0.0
rs_LRP1B,0.0
rs_ASCL1,0.0
rs_SAA2,0.0
rs_GLRA3,0.0
rs_GLYATL2,0.0
rs_BBOX1,0.0
rs_SOSTDC1,0.0
rs_TMPRSS4,0.0
rs_S100A9,0.0
rs_FGB,0.0
rs_PON3,0.0
rs_ORM2,0.0
rs_SYT8,0.0
rs_TRIM29,0.0
rs_S100A8,0.0
rs_SLC13A2,0.0
rs_IL20,0.0
rs_MSMB,0.0
rs_RIMS4,0.0
rs_KLK8,0.0
rs_SLC19A3,0.0
rs_SCUBE2,0.0
rs_TSPAN8,0.0
rs_MAGEA3,0.0
rs_NBPF6,0.0
rs_SLC7A4,0.0
rs_PI3,0.0
rs_CCL21,0.0
rs_SPAG6,0.0
rs_PGLYRP2,0.0
rs_LCN2,0.0
rs_LOC100124692,0.0
rs_SELP,0.0
cn_SHISA2,0.0
cn_RIMS2,0.0
cn_ARC,0.0
cn_BAI1,0.0
cn_COL22A1,0.0
cn_FAM135B,0.0
cn_GSDMC,0.0
cn_FAM83A,0.0
cn_COL14A1,0.0
cn_TNFRSF11B,0.0
cn_SLC30A8,0.0
cn_CSMD3,0.0
cn_PKHD1L1,0.0
cn_RGS22,0.0
cn_LY6K,0.0
cn_C8orf47,0.0
cn_MATN2,0.0
cn_ATP6V0D2,0.0
cn_CA2,0.0
cn_CA3,0.0
cn_FABP4,0.0
cn_PKIA,0.0
cn_HNF4G,0.0
cn_CRISPLD1,0.0
cn_PI15,0.0
cn_TRPA1,0.0
cn_PSCA,0.0
cn_SLURP1,0.0
cn_XKR9,0.0
cn_ELAVL2,0.0
cn_CA9,0.0
cn_KIAA1045,0.0
cn_CCL21,0.0
cn_CCL19,0.0
cn_CNTFR,0.0
cn_ENHO,0.0
cn_DNAI1,0.0
cn_PRSS3,0.0
cn_AQP3,0.0
cn_AQP7,0.0
cn_TMEM215,0.0
cn_DMRTA1,0.0
cn_LY6D,0.0
cn_CDKN2A,0.0
cn_SLC24A2,0.0
cn_SH3GL2,0.0
cn_FREM1,0.0
cn_GLDC,0.0
cn_IL33,0.0
cn_RLN2,0.0
cn_SLC1A1,0.0
cn_GPT,0.0
cn_MAPK15,0.0
cn_GPIHBP1,0.0
cn_EYA1,0.0
cn_C8orf34,0.0
cn_PPP1R14C,0.0
cn_CNTNAP2,0.0
cn_GATA4,0.0
cn_BLK,0.0
cn_DEFB1,0.0
cn_CSMD1,0.0
cn_VIPR2,0.0
cn_PTPRN2,0.0
cn_MNX1,0.0
cn_EN2,0.0
cn_DPP6,0.0
cn_WDR86,0.0
cn_KCNH2,0.0
cn_PIP,0.0
cn_FGL1,0.0
cn_PRSS1,0.0
cn_MGAM,0.0
cn_DNAH11,0.0
cn_ABCB5,0.0
cn_ITGB8,0.0
cn_AMZ1,0.0
cn_FRMD1,0.0
cn_DACT2,0.0
cn_SLC22A3,0.0
cn_PNLDC1,0.0
cn_ESR1,0.0
cn_SLC7A2,0.0
cn_NAT1,0.0
cn_PREX2,0.0
cn_SFRP1,0.0
cn_CPA6,0.0
cn_C8orf46,0.0
cn_TRIM55,0.0
cn_CA8,0.0
cn_PENK,0.0
cn_SDR16C5,0.0
cn_RP1,0.0
cn_OPRK1,0.0
cn_PXDNL,0.0
cn_EFCAB1,0.0
cn_ANK1,0.0
cn_ZMAT4,0.0
cn_LPL,0.0
cn_C8orf4,0.0
cn_IDO1,0.0
cn_ADAM32,0.0
cn_NRG1,0.0
cn_SCARA5,0.0
cn_NEFL,0.0
cn_ADAMDEC1,0.0
cn_PEBP4,0.0
cn_EGR3,0.0
cn_HR,0.0
cn_NPM2,0.0
cn_HRCT1,0.0
cn_MELK,0.0
cn_PAX5,0.0
cn_SCN2B,0.0
cn_PKNOX2,0.0
cn_HEPN1,0.0
cn_HEPACAM,0.0
cn_VSIG2,0.0
cn_GRIK4,0.0
cn_TRIM29,0.0
cn_CXCR5,0.0
cn_TTC36,0.0
cn_CD3G,0.0
cn_CD3D,0.0
cn_CD3E,0.0
cn_TMPRSS4,0.0
cn_TMEM45B,0.0
cn_DSCAML1,0.0
cn_ZBTB16,0.0
cn_DRD2,0.0
cn_NCAM1,0.0
cn_POU2AF1,0.0
cn_C11orf92,0.0
cn_GRIA4,0.0
cn_MMP13,0.0
cn_MMP12,0.0
cn_MMP3,0.0
cn_MMP1,0.0
cn_BARX2,0.0
cn_ADAMTS8,0.0
cn_CNTNAP3,0.0
cn_MGP,0.0
cn_ATP8A2,0.0
cn_SGCG,0.0
cn_FGF9,0.0
cn_GJB6,0.0
cn_GJB2,0.0
cn_TUBA3C,0.0
cn_C12orf39,0.0
cn_SLCO1A2,0.0
cn_RERGL,0.0
cn_LMO3,0.0
cn_ERP27,0.0
cn_BCL2L14,0.0
cn_ADAMTS15,0.0
cn_KLRB1,0.0
cn_A2ML1,0.0
cn_CLEC4E,0.0
cn_SCNN1A,0.0
cn_NTF3,0.0
cn_KCNA1,0.0
cn_LRTM2,0.0
cn_B4GALNT3,0.0
cn_GLB1L2,0.0
cn_B3GAT1,0.0
cn_IGSF9B,0.0
cn_MMP10,0.0
cn_MMP7,0.0
cn_PGR,0.0
cn_ITIH2,0.0
cn_PLAC9,0.0
cn_DUSP13,0.0
cn_SYNPO2L,0.0
cn_C10orf107,0.0
cn_ARMC3,0.0
cn_MRC1,0.0
cn_ST8SIA6,0.0
cn_ITGA8,0.0
cn_BEND7,0.0
cn_MCM10,0.0
cn_GATA3,0.0
cn_ITIH5,0.0
cn_FAM181B,0.0
cn_CALML3,0.0
cn_CALML5,0.0
cn_AKR1C2,0.0
cn_AKR1C1,0.0
cn_AKR1E2,0.0
cn_TUBBP5,0.0
cn_CACNA1B,0.0
cn_ENTPD8,0.0
cn_LCN2,0.0
cn_GPR144,0.0
cn_PGM5,0.0
cn_SFTPA2,0.0
cn_MAT1A,0.0
cn_DYDC2,0.0
cn_C10orf90,0.0
cn_THRSP,0.0
cn_KCTD14,0.0
cn_WNT11,0.0
cn_DGAT2,0.0
cn_MOGAT2,0.0
cn_CHRDL2,0.0
cn_PLEKHB1,0.0
cn_FOLR1,0.0
cn_MYEOV,0.0
cn_GAL,0.0
cn_ALDH3B2,0.0
cn_ACY3,0.0
cn_SYT12,0.0
cn_ZNHIT2,0.0
cn_SPDYC,0.0
cn_CTSW,0.0
cn_LRRC4C,0.0
cn_EHF,0.0
cn_ELF5,0.0
cn_WT1,0.0
cn_SYCE1,0.0
cn_KNDC1,0.0
cn_FAM196A,0.0
cn_IYD,0.0
cn_ULBP1,0.0
rs_PADI3,0.0
cn_VTCN1,0.0
cn_EGOT,0.0
cn_LRRN1,0.0
cn_CHL1,0.0
cn_TRIM58,0.0
cn_ZNF695,0.0
cn_PDZK1,0.0
cn_PDZK1P1,0.0
cn_FMO5,0.0
cn_HMGCS2,0.0
cn_HSD3B2,0.0
cn_SPAG17,0.0
cn_CASQ2,0.0
cn_CADM2,0.0
cn_AMPD1,0.0
cn_FAM19A3,0.0
cn_KCND3,0.0
cn_CHI3L2,0.0
cn_SLC6A17,0.0
cn_GSTM3,0.0
cn_GSTM5,0.0
cn_GSTM2,0.0
cn_GSTM1,0.0
cn_NBPF6,0.0
cn_NBPF4,0.0
cn_ROBO2,0.0
cn_NPFFR2,0.0
cn_AMY1A,0.0
cn_CXCL11,0.0
cn_ROPN1L,0.0
cn_ADCY2,0.0
cn_ADAMTS16,0.0
cn_IRX1,0.0
cn_IRX2,0.0
cn_C5orf38,0.0
cn_IRX4,0.0
cn_PLEKHG4B,0.0
cn_LRRC14B,0.0
cn_CXCL13,0.0
cn_CCDC158,0.0
cn_CXCL10,0.0
cn_ALB,0.0
cn_ART3,0.0
cn_CXCL9,0.0
cn_CDKL2,0.0
cn_AREG,0.0
cn_EREG,0.0
cn_CXCL2,0.0
cn_CXCL5,0.0
cn_CXCL1,0.0
cn_IL8,0.0
cn_RASSF6,0.0
cn_AFP,0.0
cn_NTNG1,0.0
cn_COL11A1,0.0
cn_SAMD5,0.0
cn_TEKT2,0.0
cn_TSPAN1,0.0
cn_HPDL,0.0
cn_ARTN,0.0
cn_CDC20,0.0
cn_CLDN19,0.0
cn_EDN2,0.0
cn_CITED4,0.0
cn_KCNQ4,0.0
cn_KIAA0754,0.0
cn_RSPO1,0.0
cn_DNALI1,0.0
cn_BAI2,0.0
cn_CYP4Z2P,0.0
cn_TNFRSF18,0.0
cn_SAMD11,0.0
cn_PLCH2,0.0
cn_ISG15,0.0
rs_HEPN1,0.0
rs_SPHKAP,0.0
rs_APOB,0.0
rs_DEFB132,0.0
rs_OXTR,0.0
rs_AMY1A,0.0
rs_ACVR1C,0.0
cn_CYP4B1,0.0
cn_CYP4X1,0.0
cn_ABCA4,0.0
cn_SLC44A5,0.0
cn_EPHX4,0.0
cn_BRDT,0.0
cn_TGFBR3,0.0
cn_GBP5,0.0
cn_CLCA4,0.0
cn_CLCA2,0.0
cn_LPAR3,0.0
cn_DNASE2B,0.0
cn_PTGFR,0.0
cn_AK5,0.0
cn_ST6GALNAC5,0.0
cn_C1orf173,0.0
cn_CYP4Z1,0.0
cn_DIRAS3,0.0
cn_IL12RB2,0.0
cn_FOXD3,0.0
cn_KANK4,0.0
cn_C1orf168,0.0
cn_PRKAA2,0.0
cn_PCSK9,0.0
cn_TTC22,0.0
cn_DIO1,0.0
cn_RAB3B,0.0
cn_PDZK1IP1,0.0
cn_CTNND2,0.0
cn_DNAH5,0.0
cn_MARCH11,0.0
cn_FOXC1,0.0
cn_DLK2,0.0
cn_GNMT,0.0
cn_PGC,0.0
cn_LRFN2,0.0
cn_KIAA0319,0.0
cn_DCDC2,0.0
cn_ID4,0.0
cn_RBM24,0.0
cn_RNF182,0.0
cn_ELOVL2,0.0
cn_TUBB2B,0.0
cn_IRF4,0.0
cn_GSTA1,0.0
cn_BTNL9,0.0
cn_SCGB3A1,0.0
cn_RASGEF1C,0.0
cn_FGFR4,0.0
cn_UNC5A,0.0
cn_CPLX2,0.0
cn_MSX2,0.0
cn_STC2,0.0
cn_GABRP,0.0
cn_FOXI1,0.0
cn_FAM196B,0.0
cn_C6orf223,0.0
cn_HMGCLL1,0.0
cn_NPR3,0.0
cn_COL10A1,0.0
cn_GPR126,0.0
cn_IL22RA2,0.0
cn_IL20RA,0.0
cn_MYB,0.0
cn_EYA4,0.0
cn_ENPP3,0.0
cn_KIAA0408,0.0
cn_TRDN,0.0
cn_FABP7,0.0
cn_PKIB,0.0
cn_RFX6,0.0
cn_WISP3,0.0
cn_BMP5,0.0
cn_POPDC3,0.0
cn_SIM1,0.0
cn_FUT9,0.0
cn_EPHA7,0.0
cn_CNR1,0.0
cn_CGA,0.0
cn_MRAP2,0.0
cn_DDX43,0.0
cn_KCNQ5,0.0
cn_RIMS1,0.0
cn_COL9A1,0.0
cn_FBLL1,0.0
cn_ATP10B,0.0
cn_FABP6,0.0
cn_FOXD1,0.0
cn_ERAP2,0.0
cn_PCSK1,0.0
cn_C5orf27,0.0
cn_FAM81B,0.0
cn_GPR98,0.0
cn_EDIL3,0.0
cn_HAPLN1,0.0
cn_CKMT2,0.0
cn_THBS4,0.0
cn_PDE8B,0.0
cn_F2RL2,0.0
cn_CARTPT,0.0
cn_ITK,0.0
cn_GTF2H2B,0.0
cn_PART1,0.0
cn_IL6ST,0.0
cn_CCNO,0.0
cn_CDC20B,0.0
cn_GZMK,0.0
cn_FGF10,0.0
cn_RANBP3L,0.0
cn_UGT3A2,0.0
cn_CAPSL,0.0
cn_IL7R,0.0
cn_EFNA5,0.0
cn_TSLP,0.0
cn_TRIM36,0.0
cn_CDO1,0.0
cn_GRIA1,0.0
cn_FAT2,0.0
cn_GPX3,0.0
cn_IL17B,0.0
cn_PCDHA13,0.0
cn_PCDHA12,0.0
cn_PCDHA6,0.0
cn_PCDHA5,0.0
cn_PCDHA11,0.0
cn_PCDHA10,0.0
cn_PCDHA4,0.0
cn_PCDHA3,0.0
cn_PCDHA1,0.0
cn_CXCL14,0.0
cn_C5orf20,0.0
cn_PITX1,0.0
cn_FSTL4,0.0
cn_SHROOM1,0.0
cn_ADAMTS19,0.0
cn_SLC27A6,0.0
cn_FBN2,0.0
cn_MEGF10,0.0
cn_AQPEP,0.0
pp_p90RSK.pT359.S363,0.0
