Accuracy,Precision,Recall,F1 Score,ROC AUC,Model,Feature Set
0.8936170212765957,0.8876415839039524,0.8936170212765957,0.8869138462459226,0.9147157190635451,Logistic Regression,All Features
0.900709219858156,0.9033418695003549,0.900709219858156,0.8882773577164292,0.8966555183946489,Random Forest,All Features
0.900709219858156,0.8963270483768667,0.900709219858156,0.8933515379072325,0.9578595317725752,XGBoost,All Features
0.900709219858156,0.895715374245355,0.900709219858156,0.895495905130738,0.9361204013377926,Logistic Regression,Top 100
0.9078014184397163,0.9040319669071528,0.9078014184397163,0.9019920000797997,0.9237458193979934,Random Forest,Top 100
0.8865248226950354,0.8811718110842015,0.8865248226950354,0.8827665636176274,0.9468227424749164,XGBoost,Top 100
0.9290780141843972,0.9276361291835179,0.9290780141843972,0.9253542179505271,0.9334448160535117,Logistic Regression,Top 500
0.900709219858156,0.8963270483768667,0.900709219858156,0.8933515379072325,0.9170568561872909,Random Forest,Top 500
0.9148936170212766,0.9116757517144364,0.9148936170212766,0.9104250615406324,0.960200668896321,XGBoost,Top 500
